Hash,Access Level
4f6f53c59e8ed57b495f273a263b04d94c82c31f2172856959f39d6745000003i0,1
4f6f53c59e8ed57b495f273a263b04d94c82c31f2172856959f39d6745000003i1,1
4f6f53c59e8ed57b495f273a263b04d94c82c31f2172856959f39d6745000003i2,3
4f6f53c59e8ed57b495f273a263b04d94c82c31f2172856959f39d6745000003i3,2
4f6f53c59e8ed57b495f273a263b04d94c82c31f2172856959f39d6745000003i4,2
4f6f53c59e8ed57b495f273a263b04d94c82c31f2172856959f39d6745000003i5,3
4f6f53c59e8ed57b495f273a263b04d94c82c31f2172856959f39d6745000003i6,8
4f6f53c59e8ed57b495f273a263b04d94c82c31f2172856959f39d6745000003i7,2
4f6f53c59e8ed57b495f273a263b04d94c82c31f2172856959f39d6745000003i8,1
4f6f53c59e8ed57b495f273a263b04d94c82c31f2172856959f39d6745000003i9,5
4f6f53c59e8ed57b495f273a263b04d94c82c31f2172856959f39d6745000003i10,1
4f6f53c59e8ed57b495f273a263b04d94c82c31f2172856959f39d6745000003i11,2
4f6f53c59e8ed57b495f273a263b04d94c82c31f2172856959f39d6745000003i12,2
4f6f53c59e8ed57b495f273a263b04d94c82c31f2172856959f39d6745000003i13,2
4f6f53c59e8ed57b495f273a263b04d94c82c31f2172856959f39d6745000003i14,1
4f6f53c59e8ed57b495f273a263b04d94c82c31f2172856959f39d6745000003i15,1
4f6f53c59e8ed57b495f273a263b04d94c82c31f2172856959f39d6745000003i16,2
4f6f53c59e8ed57b495f273a263b04d94c82c31f2172856959f39d6745000003i17,2
4f6f53c59e8ed57b495f273a263b04d94c82c31f2172856959f39d6745000003i18,3
4f6f53c59e8ed57b495f273a263b04d94c82c31f2172856959f39d6745000003i19,1
4f6f53c59e8ed57b495f273a263b04d94c82c31f2172856959f39d6745000003i20,2
4f6f53c59e8ed57b495f273a263b04d94c82c31f2172856959f39d6745000003i21,6
4f6f53c59e8ed57b495f273a263b04d94c82c31f2172856959f39d6745000003i22,4
4f6f53c59e8ed57b495f273a263b04d94c82c31f2172856959f39d6745000003i23,3
4f6f53c59e8ed57b495f273a263b04d94c82c31f2172856959f39d6745000003i24,3
4f6f53c59e8ed57b495f273a263b04d94c82c31f2172856959f39d6745000003i25,2
4f6f53c59e8ed57b495f273a263b04d94c82c31f2172856959f39d6745000003i26,1
4f6f53c59e8ed57b495f273a263b04d94c82c31f2172856959f39d6745000003i27,2
4f6f53c59e8ed57b495f273a263b04d94c82c31f2172856959f39d6745000003i28,1
4f6f53c59e8ed57b495f273a263b04d94c82c31f2172856959f39d6745000003i29,2
4f6f53c59e8ed57b495f273a263b04d94c82c31f2172856959f39d6745000003i30,2
4f6f53c59e8ed57b495f273a263b04d94c82c31f2172856959f39d6745000003i31,1
4f6f53c59e8ed57b495f273a263b04d94c82c31f2172856959f39d6745000003i32,1
4f6f53c59e8ed57b495f273a263b04d94c82c31f2172856959f39d6745000003i33,3
4f6f53c59e8ed57b495f273a263b04d94c82c31f2172856959f39d6745000003i34,3
4f6f53c59e8ed57b495f273a263b04d94c82c31f2172856959f39d6745000003i35,9
4f6f53c59e8ed57b495f273a263b04d94c82c31f2172856959f39d6745000003i36,2
4f6f53c59e8ed57b495f273a263b04d94c82c31f2172856959f39d6745000003i37,2
4f6f53c59e8ed57b495f273a263b04d94c82c31f2172856959f39d6745000003i38,1
4f6f53c59e8ed57b495f273a263b04d94c82c31f2172856959f39d6745000003i39,3
4f6f53c59e8ed57b495f273a263b04d94c82c31f2172856959f39d6745000003i40,3
4f6f53c59e8ed57b495f273a263b04d94c82c31f2172856959f39d6745000003i41,4
4f6f53c59e8ed57b495f273a263b04d94c82c31f2172856959f39d6745000003i42,3
4f6f53c59e8ed57b495f273a263b04d94c82c31f2172856959f39d6745000003i43,6
4f6f53c59e8ed57b495f273a263b04d94c82c31f2172856959f39d6745000003i44,3
4f6f53c59e8ed57b495f273a263b04d94c82c31f2172856959f39d6745000003i45,1
4f6f53c59e8ed57b495f273a263b04d94c82c31f2172856959f39d6745000003i46,1
4f6f53c59e8ed57b495f273a263b04d94c82c31f2172856959f39d6745000003i47,1
4f6f53c59e8ed57b495f273a263b04d94c82c31f2172856959f39d6745000003i48,1
4f6f53c59e8ed57b495f273a263b04d94c82c31f2172856959f39d6745000003i49,2
4f6f53c59e8ed57b495f273a263b04d94c82c31f2172856959f39d6745000003i50,4
4f6f53c59e8ed57b495f273a263b04d94c82c31f2172856959f39d6745000003i51,1
4f6f53c59e8ed57b495f273a263b04d94c82c31f2172856959f39d6745000003i52,1
4f6f53c59e8ed57b495f273a263b04d94c82c31f2172856959f39d6745000003i53,2
4f6f53c59e8ed57b495f273a263b04d94c82c31f2172856959f39d6745000003i54,1
4f6f53c59e8ed57b495f273a263b04d94c82c31f2172856959f39d6745000003i55,2
4f6f53c59e8ed57b495f273a263b04d94c82c31f2172856959f39d6745000003i56,2
4f6f53c59e8ed57b495f273a263b04d94c82c31f2172856959f39d6745000003i57,3
4f6f53c59e8ed57b495f273a263b04d94c82c31f2172856959f39d6745000003i58,1
4f6f53c59e8ed57b495f273a263b04d94c82c31f2172856959f39d6745000003i59,4
4f6f53c59e8ed57b495f273a263b04d94c82c31f2172856959f39d6745000003i60,6
4f6f53c59e8ed57b495f273a263b04d94c82c31f2172856959f39d6745000003i61,4
4f6f53c59e8ed57b495f273a263b04d94c82c31f2172856959f39d6745000003i62,2
4f6f53c59e8ed57b495f273a263b04d94c82c31f2172856959f39d6745000003i63,1
4f6f53c59e8ed57b495f273a263b04d94c82c31f2172856959f39d6745000003i64,6
4f6f53c59e8ed57b495f273a263b04d94c82c31f2172856959f39d6745000003i65,6
4f6f53c59e8ed57b495f273a263b04d94c82c31f2172856959f39d6745000003i66,3
4f6f53c59e8ed57b495f273a263b04d94c82c31f2172856959f39d6745000003i67,5
4f6f53c59e8ed57b495f273a263b04d94c82c31f2172856959f39d6745000003i68,1
4f6f53c59e8ed57b495f273a263b04d94c82c31f2172856959f39d6745000003i69,5
4f6f53c59e8ed57b495f273a263b04d94c82c31f2172856959f39d6745000003i70,6
4f6f53c59e8ed57b495f273a263b04d94c82c31f2172856959f39d6745000003i71,4
4f6f53c59e8ed57b495f273a263b04d94c82c31f2172856959f39d6745000003i72,8
4f6f53c59e8ed57b495f273a263b04d94c82c31f2172856959f39d6745000003i73,7
4f6f53c59e8ed57b495f273a263b04d94c82c31f2172856959f39d6745000003i74,6
4f6f53c59e8ed57b495f273a263b04d94c82c31f2172856959f39d6745000003i75,1
4f6f53c59e8ed57b495f273a263b04d94c82c31f2172856959f39d6745000003i76,5
4f6f53c59e8ed57b495f273a263b04d94c82c31f2172856959f39d6745000003i77,2
4f6f53c59e8ed57b495f273a263b04d94c82c31f2172856959f39d6745000003i78,2
4f6f53c59e8ed57b495f273a263b04d94c82c31f2172856959f39d6745000003i79,1
4f6f53c59e8ed57b495f273a263b04d94c82c31f2172856959f39d6745000003i80,2
4f6f53c59e8ed57b495f273a263b04d94c82c31f2172856959f39d6745000003i81,1
4f6f53c59e8ed57b495f273a263b04d94c82c31f2172856959f39d6745000003i82,1
4f6f53c59e8ed57b495f273a263b04d94c82c31f2172856959f39d6745000003i83,2
4f6f53c59e8ed57b495f273a263b04d94c82c31f2172856959f39d6745000003i84,8
4f6f53c59e8ed57b495f273a263b04d94c82c31f2172856959f39d6745000003i85,3
4f6f53c59e8ed57b495f273a263b04d94c82c31f2172856959f39d6745000003i86,5
4f6f53c59e8ed57b495f273a263b04d94c82c31f2172856959f39d6745000003i87,2
4f6f53c59e8ed57b495f273a263b04d94c82c31f2172856959f39d6745000003i88,5
4f6f53c59e8ed57b495f273a263b04d94c82c31f2172856959f39d6745000003i89,3
4f6f53c59e8ed57b495f273a263b04d94c82c31f2172856959f39d6745000003i90,3
4f6f53c59e8ed57b495f273a263b04d94c82c31f2172856959f39d6745000003i91,3
4f6f53c59e8ed57b495f273a263b04d94c82c31f2172856959f39d6745000003i92,4
4f6f53c59e8ed57b495f273a263b04d94c82c31f2172856959f39d6745000003i93,7
4f6f53c59e8ed57b495f273a263b04d94c82c31f2172856959f39d6745000003i94,4
4f6f53c59e8ed57b495f273a263b04d94c82c31f2172856959f39d6745000003i95,2
4f6f53c59e8ed57b495f273a263b04d94c82c31f2172856959f39d6745000003i96,4
4f6f53c59e8ed57b495f273a263b04d94c82c31f2172856959f39d6745000003i97,2
4f6f53c59e8ed57b495f273a263b04d94c82c31f2172856959f39d6745000003i98,5
4f6f53c59e8ed57b495f273a263b04d94c82c31f2172856959f39d6745000003i99,1
4f6f53c59e8ed57b495f273a263b04d94c82c31f2172856959f39d6745000003i100,1
4f6f53c59e8ed57b495f273a263b04d94c82c31f2172856959f39d6745000003i101,4
4f6f53c59e8ed57b495f273a263b04d94c82c31f2172856959f39d6745000003i102,1
4f6f53c59e8ed57b495f273a263b04d94c82c31f2172856959f39d6745000003i103,4
4f6f53c59e8ed57b495f273a263b04d94c82c31f2172856959f39d6745000003i104,3
4f6f53c59e8ed57b495f273a263b04d94c82c31f2172856959f39d6745000003i105,1
4f6f53c59e8ed57b495f273a263b04d94c82c31f2172856959f39d6745000003i106,4
4f6f53c59e8ed57b495f273a263b04d94c82c31f2172856959f39d6745000003i107,1
4f6f53c59e8ed57b495f273a263b04d94c82c31f2172856959f39d6745000003i108,1
4f6f53c59e8ed57b495f273a263b04d94c82c31f2172856959f39d6745000003i109,1
4f6f53c59e8ed57b495f273a263b04d94c82c31f2172856959f39d6745000003i110,2
4f6f53c59e8ed57b495f273a263b04d94c82c31f2172856959f39d6745000003i111,1
4f6f53c59e8ed57b495f273a263b04d94c82c31f2172856959f39d6745000003i112,2
4f6f53c59e8ed57b495f273a263b04d94c82c31f2172856959f39d6745000003i113,3
4f6f53c59e8ed57b495f273a263b04d94c82c31f2172856959f39d6745000003i114,2
4f6f53c59e8ed57b495f273a263b04d94c82c31f2172856959f39d6745000003i115,1
4f6f53c59e8ed57b495f273a263b04d94c82c31f2172856959f39d6745000003i116,1
4f6f53c59e8ed57b495f273a263b04d94c82c31f2172856959f39d6745000003i117,1
4f6f53c59e8ed57b495f273a263b04d94c82c31f2172856959f39d6745000003i118,2
4f6f53c59e8ed57b495f273a263b04d94c82c31f2172856959f39d6745000003i119,1
4f6f53c59e8ed57b495f273a263b04d94c82c31f2172856959f39d6745000003i120,4
4f6f53c59e8ed57b495f273a263b04d94c82c31f2172856959f39d6745000003i121,5
4f6f53c59e8ed57b495f273a263b04d94c82c31f2172856959f39d6745000003i122,1
4f6f53c59e8ed57b495f273a263b04d94c82c31f2172856959f39d6745000003i123,6
4f6f53c59e8ed57b495f273a263b04d94c82c31f2172856959f39d6745000003i124,1
4f6f53c59e8ed57b495f273a263b04d94c82c31f2172856959f39d6745000003i125,1
4f6f53c59e8ed57b495f273a263b04d94c82c31f2172856959f39d6745000003i126,5
4f6f53c59e8ed57b495f273a263b04d94c82c31f2172856959f39d6745000003i127,1
4f6f53c59e8ed57b495f273a263b04d94c82c31f2172856959f39d6745000003i128,2
4f6f53c59e8ed57b495f273a263b04d94c82c31f2172856959f39d6745000003i129,1
4f6f53c59e8ed57b495f273a263b04d94c82c31f2172856959f39d6745000003i130,1
4f6f53c59e8ed57b495f273a263b04d94c82c31f2172856959f39d6745000003i131,2
4f6f53c59e8ed57b495f273a263b04d94c82c31f2172856959f39d6745000003i132,4
4f6f53c59e8ed57b495f273a263b04d94c82c31f2172856959f39d6745000003i133,2
4f6f53c59e8ed57b495f273a263b04d94c82c31f2172856959f39d6745000003i134,1
4f6f53c59e8ed57b495f273a263b04d94c82c31f2172856959f39d6745000003i135,1
4f6f53c59e8ed57b495f273a263b04d94c82c31f2172856959f39d6745000003i136,6
4f6f53c59e8ed57b495f273a263b04d94c82c31f2172856959f39d6745000003i137,2
4f6f53c59e8ed57b495f273a263b04d94c82c31f2172856959f39d6745000003i138,1
4f6f53c59e8ed57b495f273a263b04d94c82c31f2172856959f39d6745000003i139,2
4f6f53c59e8ed57b495f273a263b04d94c82c31f2172856959f39d6745000003i140,3
4f6f53c59e8ed57b495f273a263b04d94c82c31f2172856959f39d6745000003i141,5
4f6f53c59e8ed57b495f273a263b04d94c82c31f2172856959f39d6745000003i142,3
4f6f53c59e8ed57b495f273a263b04d94c82c31f2172856959f39d6745000003i143,3
4f6f53c59e8ed57b495f273a263b04d94c82c31f2172856959f39d6745000003i144,3
4f6f53c59e8ed57b495f273a263b04d94c82c31f2172856959f39d6745000003i145,1
4f6f53c59e8ed57b495f273a263b04d94c82c31f2172856959f39d6745000003i146,1
4f6f53c59e8ed57b495f273a263b04d94c82c31f2172856959f39d6745000003i147,2
4f6f53c59e8ed57b495f273a263b04d94c82c31f2172856959f39d6745000003i148,2
4f6f53c59e8ed57b495f273a263b04d94c82c31f2172856959f39d6745000003i149,2
4f6f53c59e8ed57b495f273a263b04d94c82c31f2172856959f39d6745000003i150,6
4f6f53c59e8ed57b495f273a263b04d94c82c31f2172856959f39d6745000003i151,1
4f6f53c59e8ed57b495f273a263b04d94c82c31f2172856959f39d6745000003i152,2
4f6f53c59e8ed57b495f273a263b04d94c82c31f2172856959f39d6745000003i153,3
4f6f53c59e8ed57b495f273a263b04d94c82c31f2172856959f39d6745000003i154,2
4f6f53c59e8ed57b495f273a263b04d94c82c31f2172856959f39d6745000003i155,8
4f6f53c59e8ed57b495f273a263b04d94c82c31f2172856959f39d6745000003i156,5
4f6f53c59e8ed57b495f273a263b04d94c82c31f2172856959f39d6745000003i157,2
4f6f53c59e8ed57b495f273a263b04d94c82c31f2172856959f39d6745000003i158,2
4f6f53c59e8ed57b495f273a263b04d94c82c31f2172856959f39d6745000003i159,1
4f6f53c59e8ed57b495f273a263b04d94c82c31f2172856959f39d6745000003i160,8
4f6f53c59e8ed57b495f273a263b04d94c82c31f2172856959f39d6745000003i161,2
4f6f53c59e8ed57b495f273a263b04d94c82c31f2172856959f39d6745000003i162,5
4f6f53c59e8ed57b495f273a263b04d94c82c31f2172856959f39d6745000003i163,1
4f6f53c59e8ed57b495f273a263b04d94c82c31f2172856959f39d6745000003i164,1
4f6f53c59e8ed57b495f273a263b04d94c82c31f2172856959f39d6745000003i165,1
4f6f53c59e8ed57b495f273a263b04d94c82c31f2172856959f39d6745000003i166,2
4f6f53c59e8ed57b495f273a263b04d94c82c31f2172856959f39d6745000003i167,5
4f6f53c59e8ed57b495f273a263b04d94c82c31f2172856959f39d6745000003i168,2
4f6f53c59e8ed57b495f273a263b04d94c82c31f2172856959f39d6745000003i169,4
4f6f53c59e8ed57b495f273a263b04d94c82c31f2172856959f39d6745000003i170,4
4f6f53c59e8ed57b495f273a263b04d94c82c31f2172856959f39d6745000003i171,1
4f6f53c59e8ed57b495f273a263b04d94c82c31f2172856959f39d6745000003i172,5
4f6f53c59e8ed57b495f273a263b04d94c82c31f2172856959f39d6745000003i173,1
4f6f53c59e8ed57b495f273a263b04d94c82c31f2172856959f39d6745000003i174,1
4f6f53c59e8ed57b495f273a263b04d94c82c31f2172856959f39d6745000003i175,1
4f6f53c59e8ed57b495f273a263b04d94c82c31f2172856959f39d6745000003i176,1
4f6f53c59e8ed57b495f273a263b04d94c82c31f2172856959f39d6745000003i177,2
4f6f53c59e8ed57b495f273a263b04d94c82c31f2172856959f39d6745000003i178,2
4f6f53c59e8ed57b495f273a263b04d94c82c31f2172856959f39d6745000003i179,1
4f6f53c59e8ed57b495f273a263b04d94c82c31f2172856959f39d6745000003i180,2
4f6f53c59e8ed57b495f273a263b04d94c82c31f2172856959f39d6745000003i181,3
4f6f53c59e8ed57b495f273a263b04d94c82c31f2172856959f39d6745000003i182,3
4f6f53c59e8ed57b495f273a263b04d94c82c31f2172856959f39d6745000003i183,4
4f6f53c59e8ed57b495f273a263b04d94c82c31f2172856959f39d6745000003i184,1
4f6f53c59e8ed57b495f273a263b04d94c82c31f2172856959f39d6745000003i185,1
4f6f53c59e8ed57b495f273a263b04d94c82c31f2172856959f39d6745000003i186,2
4f6f53c59e8ed57b495f273a263b04d94c82c31f2172856959f39d6745000003i187,1
4f6f53c59e8ed57b495f273a263b04d94c82c31f2172856959f39d6745000003i188,6
4f6f53c59e8ed57b495f273a263b04d94c82c31f2172856959f39d6745000003i189,1
4f6f53c59e8ed57b495f273a263b04d94c82c31f2172856959f39d6745000003i190,2
4f6f53c59e8ed57b495f273a263b04d94c82c31f2172856959f39d6745000003i191,6
4f6f53c59e8ed57b495f273a263b04d94c82c31f2172856959f39d6745000003i192,2
4f6f53c59e8ed57b495f273a263b04d94c82c31f2172856959f39d6745000003i193,7
4f6f53c59e8ed57b495f273a263b04d94c82c31f2172856959f39d6745000003i194,6
4f6f53c59e8ed57b495f273a263b04d94c82c31f2172856959f39d6745000003i195,3
4f6f53c59e8ed57b495f273a263b04d94c82c31f2172856959f39d6745000003i196,8
4f6f53c59e8ed57b495f273a263b04d94c82c31f2172856959f39d6745000003i197,1
4f6f53c59e8ed57b495f273a263b04d94c82c31f2172856959f39d6745000003i198,4
4f6f53c59e8ed57b495f273a263b04d94c82c31f2172856959f39d6745000003i199,5
4f6f53c59e8ed57b495f273a263b04d94c82c31f2172856959f39d6745000003i200,4
4f6f53c59e8ed57b495f273a263b04d94c82c31f2172856959f39d6745000003i201,4
4f6f53c59e8ed57b495f273a263b04d94c82c31f2172856959f39d6745000003i202,5
4f6f53c59e8ed57b495f273a263b04d94c82c31f2172856959f39d6745000003i203,1
4f6f53c59e8ed57b495f273a263b04d94c82c31f2172856959f39d6745000003i204,1
4f6f53c59e8ed57b495f273a263b04d94c82c31f2172856959f39d6745000003i205,2
4f6f53c59e8ed57b495f273a263b04d94c82c31f2172856959f39d6745000003i206,1
4f6f53c59e8ed57b495f273a263b04d94c82c31f2172856959f39d6745000003i207,2
4f6f53c59e8ed57b495f273a263b04d94c82c31f2172856959f39d6745000003i208,8
4f6f53c59e8ed57b495f273a263b04d94c82c31f2172856959f39d6745000003i209,4
4f6f53c59e8ed57b495f273a263b04d94c82c31f2172856959f39d6745000003i210,3
4f6f53c59e8ed57b495f273a263b04d94c82c31f2172856959f39d6745000003i211,4
4f6f53c59e8ed57b495f273a263b04d94c82c31f2172856959f39d6745000003i212,3
4f6f53c59e8ed57b495f273a263b04d94c82c31f2172856959f39d6745000003i213,3
4f6f53c59e8ed57b495f273a263b04d94c82c31f2172856959f39d6745000003i214,1
4f6f53c59e8ed57b495f273a263b04d94c82c31f2172856959f39d6745000003i215,2
4f6f53c59e8ed57b495f273a263b04d94c82c31f2172856959f39d6745000003i216,2
4f6f53c59e8ed57b495f273a263b04d94c82c31f2172856959f39d6745000003i217,2
4f6f53c59e8ed57b495f273a263b04d94c82c31f2172856959f39d6745000003i218,6
4f6f53c59e8ed57b495f273a263b04d94c82c31f2172856959f39d6745000003i219,1
4f6f53c59e8ed57b495f273a263b04d94c82c31f2172856959f39d6745000003i220,2
4f6f53c59e8ed57b495f273a263b04d94c82c31f2172856959f39d6745000003i221,3
4f6f53c59e8ed57b495f273a263b04d94c82c31f2172856959f39d6745000003i222,2
4f6f53c59e8ed57b495f273a263b04d94c82c31f2172856959f39d6745000003i223,8
4f6f53c59e8ed57b495f273a263b04d94c82c31f2172856959f39d6745000003i224,5
4f6f53c59e8ed57b495f273a263b04d94c82c31f2172856959f39d6745000003i225,2
4f6f53c59e8ed57b495f273a263b04d94c82c31f2172856959f39d6745000003i226,2
4f6f53c59e8ed57b495f273a263b04d94c82c31f2172856959f39d6745000003i227,3
4f6f53c59e8ed57b495f273a263b04d94c82c31f2172856959f39d6745000003i228,5
4f6f53c59e8ed57b495f273a263b04d94c82c31f2172856959f39d6745000003i229,4
4f6f53c59e8ed57b495f273a263b04d94c82c31f2172856959f39d6745000003i230,5